,AHO10,AHO20,AHO30,AHO60,AHO90,BS,CDF,CTEM,DCAL,DPH8,DPHZ,EHGR,FCD,GR,HCAL,HDRA,HGR,HMIN,HMNO,HNPO,HTNP,PEF8,RHO8,RXO8,RXOI,SP,TENS
count,20587.0,20587.0,20587.0,20587.0,20587.0,20587.0,20587.0,20587.0,20587.0,20587.0,20587.0,20587.0,20587.0,20587.0,20587.0,20526.0,20587.0,20587.0,20587.0,20587.0,20587.0,20526.0,20526.0,20587.0,20587.0,20587.0,20587.0
mean,32.25244211395499,34.95092917375031,31.329048564628124,27.927270044202608,27.410640331276994,8.75,676.7432162529734,98.4158962257635,0.6045291203186524,1.9797410166609994,1.983868669548743,103.40893839802006,7.0,98.6578507504718,9.354361174527423,0.02086074247296131,98.66243868946341,32.48051807451323,30.53603755768177,0.3541677694661619,0.3505199985427678,2.633981581896171,2.378150434083599,75.52847633652374,95.1139827497944,-204.75274934181834,1127.1596916850492
std,128.8577125738182,140.8978115798117,103.18049590839266,65.32745363606418,62.005215559031456,0.0,58.85630891050268,2.0635673514822983,0.7635915374599582,33.07023695510015,33.070028780322296,29.508451304370425,0.0,27.748973461278787,0.7624416234163091,0.11519726154849473,28.603176813760893,122.9670203572631,110.63986808015844,0.12217065478706182,0.10924882716306492,1.0309619607032925,0.2437668691169806,335.96337002417937,427.41780867141557,25.678274189076447,169.53899730947768
min,1.3907,1.5752,1.6178,1.696,1.6925,8.75,-47.6308,94.4001,-5.5381,-1.19927,-0.8015,14.5014,7.0,14.8188,3.2119,-0.0245,13.1267,0.088,0.098,0.07942,0.10164,0.9,1.20708,0.07903,0.04418,-258.3409,265.0166
25%,3.6985,4.02795,4.24205,4.58885,4.58525,8.75,657.18125,96.3766,0.322,0.121195,0.13,82.0769,7.0,78.33295,9.0653,-0.0094,78.2833,8.77545,7.7769,0.27415,0.276935,2.176795,2.3231675000000003,10.97751,11.35118,-218.79084999999998,993.1861200000001
50%,17.8885,18.3158,18.5866,18.6684,18.8271,8.75,677.8374,98.353,0.5704,0.15636,0.1607,108.1488,7.0,102.2717,9.3188,-0.0046,102.4433,18.2571,18.0356,0.33062,0.32838,2.58013,2.39228,29.02992,29.14341,-201.6919,1135.9702
75%,29.0446,29.03815,29.255450000000003,29.894550000000002,29.50725,8.75,702.7291,100.3295,0.82915,0.19857999999999998,0.2024,124.79285,7.0,119.44575,9.5795,0.0094,119.70365,26.987650000000002,26.212,0.40829,0.4063,2.9055175,2.4504,46.96324,48.89425,-186.48435,1265.6191600000002
max,1950.0,1950.0,1699.4964,1294.1003,1097.0651,8.75,794.6349,100.3295,5.3406,607.2121,607.2121,217.4781,7.0,194.7605,14.0906,2.1094,211.1416,2065.122,1849.7204,1.17463,1.20088,10.0,4.6288,4896.12869,4960.92026,-74.8949,1634.08246
